image_name;meanLABL;meanLABa;meanLABb;stdLABL;stdLABa;stdLABb;meanNIR1;stdNIR1;label_class
image2;0;0;0;0;0;0;0;0;label2
BD04_inf_201724_004_07_RGBhr.jpg_1.jpg;44.2977357227609;-13.2626307431182;8.24693871438005;20.6455058170084;6.50601603688631;5.41059256323077;0;0;Poma
BD04_inf_201724_004_07_RGBhr.jpg_2.jpg;36.6423442459836;-7.12630620489743;3.46180135684575;24.6259777150759;4.34988165235516;4.67973166198683;0;0;Poma
BD04_inf_201724_004_07_RGBhr.jpg_3.jpg;60.9551373071818;-7.81145483250816;3.53699509641577;20.3866544840216;14.6279403457458;8.92402674947511;0;0;Poma
BD04_inf_201724_004_07_RGBhr.jpg_4.jpg;29.372676581813;-8.22209654132083;7.76747305478666;24.6916461768704;8.26165416867804;7.41789908880105;0;0;Poma
BD04_inf_201724_004_07_RGBhr.jpg_5.jpg;44.6298874777888;-7.06105360006526;4.85349233479889;26.7287994857793;5.54984080772566;5.78053635661275;0;0;Poma
BD04_inf_201724_004_07_RGBhr.jpg_6.jpg;18.0813286835707;-11.3754406134395;11.3529379850338;15.1820331829438;6.00101569167174;5.2695697862706;0;0;Poma
BD04_inf_201724_004_07_RGBhr.jpg_7.jpg;32.2535890893986;-9.57592887443862;7.28933879117237;21.0095185742842;6.57311417732902;5.32785914363808;0;0;Poma
BD04_inf_201724_004_07_RGBhr.jpg_8.jpg;28.772407831762;-9.5313008045329;6.72436229669902;25.4455316764828;8.32243053833051;6.09192488730294;0;0;Poma
