image_name;meanLABL;meanLABa;meanLABb;stdLABL;stdLABa;stdLABb;meanNIR1;stdNIR1;label_class
image2;0;0;0;0;0;0;0;0;label2
BD12_sup_201711_027_02_RGBhr.jpg_1.jpg;56.1294393062936;-8.84962345877718;7.43581669547876;20.7190188869173;10.6469129377149;6.11336106017449;0;0;Poma
BD12_sup_201711_027_02_RGBhr.jpg_2.jpg;58.0840667033314;-13.5811165931545;10.4797986718141;22.6234581921052;5.93863228998563;5.25339942381345;0;0;Poma
BD12_sup_201711_027_02_RGBhr.jpg_3.jpg;43.8385986131863;-10.0922637725313;8.2373270231882;24.1551973081895;7.75550538957001;5.88358298767647;0;0;Poma
BD12_sup_201711_027_02_RGBhr.jpg_4.jpg;73.047319453113;-7.21361062209322;5.4959965161824;21.2151923476123;8.36216828635401;3.97476554036498;0;0;Poma
BD12_sup_201711_027_02_RGBhr.jpg_5.jpg;68.0494591326615;-9.6624175793587;8.47441843644693;26.8688900268581;4.74970723146091;4.39034457148815;0;0;Poma
BD12_sup_201711_027_02_RGBhr.jpg_6.jpg;69.3337844914552;-0.352441700399306;2.60386046464765;22.5717754646282;12.3960578363213;5.17929229992696;0;0;Poma
BD12_sup_201711_027_02_RGBhr.jpg_7.jpg;60.767620024118;1.63802585759639;-0.114533825273995;30.5526835895844;10.0447505991348;4.44982124352148;0;0;Poma
